fold,accuracy,f1,precision,recall
0,0.8674698795180723,0.8683342895391089,0.8825680343752633,0.8674698795180723
1,0.891566265060241,0.889009453964928,0.9012048192771084,0.891566265060241
2,0.8674698795180723,0.8646101005066278,0.8784633037645085,0.8674698795180723
3,0.8554216867469879,0.8542893212028525,0.8711703958691911,0.8554216867469879
4,0.8414634146341463,0.840716017489954,0.8560975609756097,0.8414634146341463
5,0.8658536585365854,0.8556635099318025,0.8932770481550968,0.8658536585365854
