fold,accuracy,f1,precision,recall
0,0.8192771084337349,0.8175263636892762,0.8566734470348928,0.8192771084337349
1,0.8313253012048193,0.8313615780206646,0.8558155699721965,0.8313253012048193
2,0.7831325301204819,0.7818708383757628,0.81127660826456,0.7831325301204819
3,0.7831325301204819,0.7803351485680546,0.8422390862149898,0.7831325301204819
4,0.8292682926829268,0.827283136519148,0.8564979228088984,0.8292682926829268
5,0.7804878048780488,0.7809453040766966,0.8273921200750468,0.7804878048780488
