fold,accuracy,f1,precision,recall
0,0.7951807228915663,0.7877459256026156,0.8244153082919916,0.7951807228915663
1,0.8795180722891566,0.8758638951410035,0.8967297762478486,0.8795180722891566
2,0.8554216867469879,0.8533624512843001,0.8726138319511815,0.8554216867469879
3,0.7831325301204819,0.7842824009992685,0.8358577165806083,0.7831325301204819
4,0.8658536585365854,0.8632866947070676,0.8981344367015098,0.8658536585365854
5,0.8048780487804879,0.7999741902180926,0.8374864016901319,0.8048780487804879
