fold,accuracy,f1,precision,recall
0,0.6265060240963856,0.617659312102969,0.6420134417122368,0.6265060240963856
1,0.6867469879518072,0.669156626506024,0.706374950350854,0.6867469879518072
2,0.7349397590361446,0.7080654217066875,0.7196427165243607,0.7349397590361446
3,0.6385542168674698,0.6349321707507393,0.6658677667713813,0.6385542168674698
4,0.7317073170731707,0.7288063562453807,0.7447372241579558,0.7317073170731707
5,0.7073170731707317,0.7010695349189516,0.7467382888114596,0.7073170731707317
